{"cameraMode":{"drawMode":0,"name":"Shaded","section":"Shading Mode"},"sceneLighting":false,"audioPlay":false,"sceneViewState":{"m_AlwaysRefresh":false,"showFog":true,"showSkybox":false,"showFlares":true,"showImageEffects":true,"showParticleSystems":true,"showVisualEffectGraphs":true,"m_FxEnabled":true},"in2DMode":false,"pivot":{"x":0.0030384957790374758,"y":0.10453179478645325,"z":0.017990842461586},"rotation":{"x":-0.0877130776643753,"y":0.9053460359573364,"z":-0.22906166315078736,"w":-0.3466781675815582},"size":0.2370983362197876,"orthographic":false}